"","temp",".fitted"
"1",10,0.930265700608422
"2",13,1.18049117926822
"3",16,1.36319391855853
"4",19,1.46874185774407
"5",22,1.49970326633518
"6",25,1.4663582124518
"7",28,1.38286300603282
