"","temp",".fitted","temp2","fitted"
"1",10,0.930265702189319,10,0.930265702189319
"2",13,1.1804911772964,13,1.1804911772964
"3",16,1.36319391725257,16,1.36319391725257
"4",19,1.46874185848624,19,1.46874185848624
"5",22,1.49970326825242,22,1.49970326825242
"6",25,1.46635821349977,25,1.46635821349977
"7",28,1.38286300399806,28,1.38286300399806
